id,userName,fullName,profilePicUrl,isVerified
56779514727,msrit.confessions23,MSRIT'23 | Confessions,https://instagram.fccu7-1.fna.fbcdn.net/v/t51.2885-19/317565941_1309710893126785_4373031077414913269_n.jpg?stp=dst-jpg_s150x150&_nc_ht=instagram.fccu7-1.fna.fbcdn.net&_nc_cat=101&_nc_ohc=aVUAhis1jKgAX83EZPg&tn=em1O-m1hlH2y2Qfj&edm=AOG-cTkBAAAA&ccb=7-5&oh=00_AfBzIkVWA5gOw5qkKQ1u2LEpl3CjG6tfPf0WcY-mF8SAhA&oe=639CB34C&_nc_sid=282b66,false
7206876022,rishikxf,rishikaa gupta,https://instagram.fccu7-1.fna.fbcdn.net/v/t51.2885-19/318827944_148766564594738_5324335777168975886_n.jpg?stp=dst-jpg_s150x150&_nc_ht=instagram.fccu7-1.fna.fbcdn.net&_nc_cat=102&_nc_ohc=a4ABCrlJi9oAX_PpoEb&edm=AOG-cTkBAAAA&ccb=7-5&oh=00_AfD7qIpjK-G4LttLg_q1AMADpbXKFQ4KwK1nzrbsK4-WzA&oe=639C17B2&_nc_sid=282b66,false
49461280081,rajubh488,bhairaju,https://instagram.fsub6-5.fna.fbcdn.net/v/t51.2885-19/44884218_345707102882519_2446069589734326272_n.jpg?efg=eyJybWQiOiJpZ19hbmRyb2lkX21vYmlsZV9uZXR3b3JrX3N0YWNrX3RpZ29uX21uc18yNTlfcmJzX3RpZ29uX2xpZ2VyOnRpZ29uX2xpZ2VyIn0&_nc_ht=instagram.fsub6-5.fna.fbcdn.net&_nc_cat=1&_nc_ohc=SdGf-pQgnmIAX865CXd&edm=AEsR1pMBAAAA&ccb=7-5&ig_cache_key=YW5vbnltb3VzX3Byb2ZpbGVfcGlj.2-ccb7-5&oh=00_AfDRouvtT5acXy2vOPAPD_WNCh3M66ZBF-gBybMS5Iuj7A&oe=639C7D4F&_nc_sid=3f45ac,false
55836975885,shriy_abs,Shriya,https://instagram.fccu7-1.fna.fbcdn.net/v/t51.2885-19/315005427_137941849026935_9009476011660148383_n.jpg?stp=dst-jpg_s150x150&_nc_ht=instagram.fccu7-1.fna.fbcdn.net&_nc_cat=111&_nc_ohc=4kYfLnw3oysAX-vVzWY&edm=AOG-cTkBAAAA&ccb=7-5&oh=00_AfCDgj1wiY9c56pAtm76kyI4uKjPbCsE8u1piuFSDjJ36A&oe=639B0A40&_nc_sid=282b66,false
7610362775,_prh_07,Preetham H,https://instagram.fccu7-1.fna.fbcdn.net/v/t51.2885-19/313303618_821423439109439_4285141389277596930_n.jpg?stp=dst-jpg_s150x150&_nc_ht=instagram.fccu7-1.fna.fbcdn.net&_nc_cat=111&_nc_ohc=XhW9HZdBl3gAX9CPfSY&tn=em1O-m1hlH2y2Qfj&edm=AOG-cTkBAAAA&ccb=7-5&oh=00_AfCtNdlZ4TPrh8pFzZ4HHM2FlB4VD4NcGp-HESRI4RpTJQ&oe=639B35F6&_nc_sid=282b66,false
32442092373,mihiros_16,Mihir Kumar,https://instagram.fccu7-1.fna.fbcdn.net/v/t51.2885-19/91104041_243950490096162_5294347366202081280_n.jpg?stp=dst-jpg_s150x150&_nc_ht=instagram.fccu7-1.fna.fbcdn.net&_nc_cat=106&_nc_ohc=nafbnYfGsaUAX8o8QBS&edm=AOG-cTkBAAAA&ccb=7-5&oh=00_AfC3atevUZItOmTIhUYewMR6ispH3c0gALAp5T4osvPDHg&oe=639CCFC1&_nc_sid=282b66,false
48141460346,preetham4055,Preetham Preetham,https://instagram.fccu7-1.fna.fbcdn.net/v/t51.2885-19/317609691_1527843754349116_5092935488169519845_n.jpg?stp=dst-jpg_s150x150&_nc_ht=instagram.fccu7-1.fna.fbcdn.net&_nc_cat=104&_nc_ohc=GPdcdFVmJi8AX-aBmu7&tn=em1O-m1hlH2y2Qfj&edm=AOG-cTkBAAAA&ccb=7-5&oh=00_AfD7iP4ZcJxcePthjAm-oQBDLc5bIv-BX02KhMq5m5yI9w&oe=639CE6B9&_nc_sid=282b66,false
48330052793,durgam_sandeep_,sandeep_royal,https://instagram.fccu7-1.fna.fbcdn.net/v/t51.2885-19/311300977_1216452395582508_721458899518590523_n.jpg?stp=dst-jpg_s150x150&_nc_ht=instagram.fccu7-1.fna.fbcdn.net&_nc_cat=100&_nc_ohc=bP7OetL6ibYAX9BcvKP&edm=AOG-cTkBAAAA&ccb=7-5&oh=00_AfBrnLXfzfMvHrCbTWKeMt_lxxMAl88raZGInwHfUpSUlQ&oe=639CCD86&_nc_sid=282b66,false
41600702318,biji_b_varghese,‚Ä¢.¬∏‚ô° ·ó∑ÍÆÜ ‚ô°¬∏.‚Ä¢,https://instagram.fccu7-1.fna.fbcdn.net/v/t51.2885-19/316798860_669439261500865_7352225927905494054_n.jpg?stp=dst-jpg_s150x150&_nc_ht=instagram.fccu7-1.fna.fbcdn.net&_nc_cat=101&_nc_ohc=Iqadc3Tx0-IAX8oPKqj&edm=AOG-cTkBAAAA&ccb=7-5&oh=00_AfAOZbp7IXYxnJDG_eR3hs2FgoHUtMx_BuyfD3ET0gaLzQ&oe=639CB2A1&_nc_sid=282b66,false
9915753686,sahana____08,sahana_07,https://instagram.fccu7-1.fna.fbcdn.net/v/t51.2885-19/315066319_434527535512382_2131748760418913352_n.jpg?stp=dst-jpg_s150x150&_nc_ht=instagram.fccu7-1.fna.fbcdn.net&_nc_cat=102&_nc_ohc=hqGdz-NQ5IoAX_e_Wp7&edm=AOG-cTkBAAAA&ccb=7-5&oh=00_AfCIvyaYds-A2akSu-XUBywaWq-I9YbvLG6CqyRVk7gl0w&oe=639C304E&_nc_sid=282b66,false
30518372040,pretty__short__tempered,,https://instagram.fccu7-1.fna.fbcdn.net/v/t51.2885-19/304457466_614347820095973_7536774273597987097_n.jpg?stp=dst-jpg_s150x150&_nc_ht=instagram.fccu7-1.fna.fbcdn.net&_nc_cat=105&_nc_ohc=0L3AxWzruaEAX_TXvCq&edm=AOG-cTkBAAAA&ccb=7-5&oh=00_AfBbTHC-g8JA_j3F7_uVrOBn92Y-I-3mhXbvm6v_lkoDug&oe=639B3B3D&_nc_sid=282b66,false
53222462089,priyanshu_das2004,Priyanshu Das,https://instagram.fccu7-1.fna.fbcdn.net/v/t51.2885-19/317018594_203170802277316_5513353121886921199_n.jpg?stp=dst-jpg_s150x150&_nc_ht=instagram.fccu7-1.fna.fbcdn.net&_nc_cat=104&_nc_ohc=J9jUXUq1mH8AX_OTHaY&edm=AOG-cTkBAAAA&ccb=7-5&oh=00_AfD3mTCU-2AnP61V0jusEnkwZKFRanl4OLPDB_hG7zD7Tg&oe=639CC88F&_nc_sid=282b66,false
36844754126,deepthikshatriyaa,Deepüê≥,https://instagram.fccu7-1.fna.fbcdn.net/v/t51.2885-19/314414731_825425268504083_4273878954838656578_n.jpg?stp=dst-jpg_s150x150&_nc_ht=instagram.fccu7-1.fna.fbcdn.net&_nc_cat=111&_nc_ohc=I-r8bJtsJrMAX9v2oAv&edm=AOG-cTkBAAAA&ccb=7-5&oh=00_AfDT9YjOE4hgLup7PZ-2Wlp1E3Z7sM3UKS6kdiVCAPCDVA&oe=639C7AB9&_nc_sid=282b66,false
7824203113,shamacbelliappa,Shamac Belliappa Madrira,https://instagram.fccu7-1.fna.fbcdn.net/v/t51.2885-19/309051407_655347362536020_1934482275210172363_n.jpg?stp=dst-jpg_s150x150&_nc_ht=instagram.fccu7-1.fna.fbcdn.net&_nc_cat=100&_nc_ohc=aD-YCLNbpfsAX9eLaw8&edm=AOG-cTkBAAAA&ccb=7-5&oh=00_AfCY757Y77H8GHXpbFZGMHrGp2Rw0ah6vZ_nHEHNzvGwnA&oe=639C8F59&_nc_sid=282b66,false
56590758834,bangalore_dairies__,üçÉ,https://instagram.fccu7-1.fna.fbcdn.net/v/t51.2885-19/318092204_1276715149786849_520782783589377216_n.jpg?stp=dst-jpg_s150x150&_nc_ht=instagram.fccu7-1.fna.fbcdn.net&_nc_cat=101&_nc_ohc=AzCHQThof8EAX_o9B01&edm=AOG-cTkBAAAA&ccb=7-5&oh=00_AfDO3ze8Vc8U0Zqelo2vr-3xiMVPHCX02Epgfo4fij-CqA&oe=639B9D5F&_nc_sid=282b66,false
17057396997,fxisxl_020,ŸÅŸäÿµŸÑ,https://instagram.fccu7-1.fna.fbcdn.net/v/t51.2885-19/316598259_147466854695909_5501970088485135126_n.jpg?stp=dst-jpg_s150x150&_nc_ht=instagram.fccu7-1.fna.fbcdn.net&_nc_cat=105&_nc_ohc=h_fKjuV56_MAX-bRiEH&edm=AOG-cTkBAAAA&ccb=7-5&oh=00_AfDVvCyoC-UPq5icnEYzZRfHyOysLi6vp6SArkhUOAQUVg&oe=639CC0DE&_nc_sid=282b66,false
54334777197,manvanth_v_m,Manvanth VM,https://instagram.fccu7-1.fna.fbcdn.net/v/t51.2885-19/293196915_171032172084809_9004567303180493167_n.jpg?stp=dst-jpg_s150x150&_nc_ht=instagram.fccu7-1.fna.fbcdn.net&_nc_cat=105&_nc_ohc=6OiE3Uijw3cAX88-fvg&edm=AOG-cTkBAAAA&ccb=7-5&oh=00_AfD0EVUmSDGJuhLFbYMQwtV6_GNbt_HVGyTsI91XkesD0Q&oe=639C0AEC&_nc_sid=282b66,false
54975585691,its_srivallip,Srivalli P,https://instagram.fccu7-1.fna.fbcdn.net/v/t51.2885-19/313343215_868490250844467_3619199872071883707_n.jpg?stp=dst-jpg_s150x150&_nc_ht=instagram.fccu7-1.fna.fbcdn.net&_nc_cat=103&_nc_ohc=NzdrgelnClwAX_K8NtE&edm=AOG-cTkBAAAA&ccb=7-5&oh=00_AfDXDzTT8cGzsa9uIu1oy4VYy9kkMUmDrlK5KgtOow0J9A&oe=639CF2EC&_nc_sid=282b66,false
56545837592,raajgirvr,‡§∞‡§æ‡§ú ‡§ó‡§ø‡§∞‡§µ‡§∞ ‡§¨‡§æ‡§¨‡§æ,https://instagram.fccu7-1.fna.fbcdn.net/v/t51.2885-19/318682901_650352583451864_8032073343654349635_n.jpg?stp=dst-jpg_s150x150&_nc_ht=instagram.fccu7-1.fna.fbcdn.net&_nc_cat=108&_nc_ohc=6T1mzlGRPdUAX93XFIK&tn=em1O-m1hlH2y2Qfj&edm=AOG-cTkBAAAA&ccb=7-5&oh=00_AfBpdsQ7huG4lJin44pPMF7xPkb0TgYqiRk2-O2xnNG4zQ&oe=639C4C19&_nc_sid=282b66,false
27672410733,the_darshan_rathod,Darshan Rathod,https://instagram.fccu7-1.fna.fbcdn.net/v/t51.2885-19/318037720_1925437277659204_9080736274486933666_n.jpg?stp=dst-jpg_s150x150&_nc_ht=instagram.fccu7-1.fna.fbcdn.net&_nc_cat=104&_nc_ohc=UXUpPblEjc4AX8sHo76&edm=AOG-cTkBAAAA&ccb=7-5&oh=00_AfC0dtdg7YetIyX6rOOeT5hd_8pfdQbP1Z3eMUowsY__gQ&oe=639AFEBA&_nc_sid=282b66,false
56790209437,msrit_confessions25,MSRIT'25 | Confessions,https://instagram.fccu7-1.fna.fbcdn.net/v/t51.2885-19/317718785_674312280969082_3888449605436941157_n.jpg?stp=dst-jpg_s150x150&_nc_ht=instagram.fccu7-1.fna.fbcdn.net&_nc_cat=110&_nc_ohc=temg6GuaZ-sAX-ngmGT&edm=AOG-cTkBAAAA&ccb=7-5&oh=00_AfBPK0zDG9ygBtEqoOeIgVLCyiJnENA2vhaBoz1bbULLsQ&oe=639B252C&_nc_sid=282b66,false
47670265975,_candi_8,,https://instagram.fsub6-5.fna.fbcdn.net/v/t51.2885-19/44884218_345707102882519_2446069589734326272_n.jpg?efg=eyJybWQiOiJpZ19hbmRyb2lkX21vYmlsZV9uZXR3b3JrX3N0YWNrX3RpZ29uX21uc18yNTlfcmJzX3RpZ29uX2xpZ2VyOnRpZ29uX2xpZ2VyIn0&_nc_ht=instagram.fsub6-5.fna.fbcdn.net&_nc_cat=1&_nc_ohc=SdGf-pQgnmIAX865CXd&edm=AEsR1pMBAAAA&ccb=7-5&ig_cache_key=YW5vbnltb3VzX3Byb2ZpbGVfcGlj.2-ccb7-5&oh=00_AfDRouvtT5acXy2vOPAPD_WNCh3M66ZBF-gBybMS5Iuj7A&oe=639C7D4F&_nc_sid=3f45ac,false
53102599883,samrudh_kadabi,samrudh,https://instagram.fsub6-5.fna.fbcdn.net/v/t51.2885-19/44884218_345707102882519_2446069589734326272_n.jpg?efg=eyJybWQiOiJpZ19hbmRyb2lkX21vYmlsZV9uZXR3b3JrX3N0YWNrX3RpZ29uX21uc18yNTlfcmJzX3RpZ29uX2xpZ2VyOnRpZ29uX2xpZ2VyIn0&_nc_ht=instagram.fsub6-5.fna.fbcdn.net&_nc_cat=1&_nc_ohc=SdGf-pQgnmIAX865CXd&edm=AEsR1pMBAAAA&ccb=7-5&ig_cache_key=YW5vbnltb3VzX3Byb2ZpbGVfcGlj.2-ccb7-5&oh=00_AfDRouvtT5acXy2vOPAPD_WNCh3M66ZBF-gBybMS5Iuj7A&oe=639C7D4F&_nc_sid=3f45ac,false
38651694808,hiphopstore.in,hiphopstore,https://instagram.fccu7-1.fna.fbcdn.net/v/t51.2885-19/311141683_838495280896083_3775528499623368857_n.jpg?stp=dst-jpg_s150x150&_nc_ht=instagram.fccu7-1.fna.fbcdn.net&_nc_cat=103&_nc_ohc=r5NeDqCv3ZkAX_8TCtD&edm=AOG-cTkBAAAA&ccb=7-5&oh=00_AfA0tWE12uhPLTjSB6JRPrfgkHjErKlbmrxyGoaEsra6_w&oe=639C99CB&_nc_sid=282b66,false
56141816464,suryansh.co,,https://instagram.fsub6-5.fna.fbcdn.net/v/t51.2885-19/44884218_345707102882519_2446069589734326272_n.jpg?efg=eyJybWQiOiJpZ19hbmRyb2lkX21vYmlsZV9uZXR3b3JrX3N0YWNrX3RpZ29uX21uc18yNTlfcmJzX3RpZ29uX2xpZ2VyOnRpZ29uX2xpZ2VyIn0&_nc_ht=instagram.fsub6-5.fna.fbcdn.net&_nc_cat=1&_nc_ohc=SdGf-pQgnmIAX865CXd&edm=AEsR1pMBAAAA&ccb=7-5&ig_cache_key=YW5vbnltb3VzX3Byb2ZpbGVfcGlj.2-ccb7-5&oh=00_AfDRouvtT5acXy2vOPAPD_WNCh3M66ZBF-gBybMS5Iuj7A&oe=639C7D4F&_nc_sid=3f45ac,false
5612357745,aksheei_,,https://instagram.fccu7-1.fna.fbcdn.net/v/t51.2885-19/318975100_2024706447715913_6300639580897744738_n.jpg?stp=dst-jpg_s150x150&_nc_ht=instagram.fccu7-1.fna.fbcdn.net&_nc_cat=105&_nc_ohc=xx1Iuo_UdIYAX-QWMN6&edm=AOG-cTkBAAAA&ccb=7-5&oh=00_AfA3svZKx-nVCe5fyvBb-UGk6n43i84UABAK4PC1Cw3AJg&oe=639BCC55&_nc_sid=282b66,false
48919296646,fathakulsum_16,Fathaaaaaa‚ú®,https://instagram.fccu7-1.fna.fbcdn.net/v/t51.2885-19/312149713_119630140908080_7918996702440961133_n.jpg?stp=dst-jpg_s150x150&_nc_ht=instagram.fccu7-1.fna.fbcdn.net&_nc_cat=108&_nc_ohc=PxKhUx7re18AX9eas4I&edm=AOG-cTkBAAAA&ccb=7-5&oh=00_AfAA1liG7TSnI51POpw0bdXZG7EZqSj1Ml4UAzU1xqZN4A&oe=639C4425&_nc_sid=282b66,false
49555493857,sudhiksha_ofc,‚ú®...sudhiksha...‚ú®,https://instagram.fccu7-1.fna.fbcdn.net/v/t51.2885-19/291845973_603322677889921_7175034438570118322_n.jpg?stp=dst-jpg_s150x150&_nc_ht=instagram.fccu7-1.fna.fbcdn.net&_nc_cat=101&_nc_ohc=t3ZBw-26MssAX9QNNRs&edm=AOG-cTkBAAAA&ccb=7-5&oh=00_AfCarUbU3BDSsa27flGa-gub8QVRsvjYeMr_V26CWApnBg&oe=639C9B48&_nc_sid=282b66,false
44101478978,ahana__a143,Ahana Banik ...,https://instagram.fccu7-1.fna.fbcdn.net/v/t51.2885-19/124625619_420626985605633_5413181099784107600_n.jpg?stp=dst-jpg_s150x150&_nc_ht=instagram.fccu7-1.fna.fbcdn.net&_nc_cat=105&_nc_ohc=HfxegrkK1ogAX_k9QlM&tn=em1O-m1hlH2y2Qfj&edm=AOG-cTkBAAAA&ccb=7-5&oh=00_AfDWt3lzeWesHynSAW61ClssBGSyOpZVdzPPdXBAS5ZK2g&oe=639BF030&_nc_sid=282b66,false
4731042264,ramsing_rajputh,~'b@d  '~boy,https://instagram.fccu7-1.fna.fbcdn.net/v/t51.2885-19/61545560_2372469109631199_8017733760059441152_n.jpg?stp=dst-jpg_s150x150&_nc_ht=instagram.fccu7-1.fna.fbcdn.net&_nc_cat=103&_nc_ohc=BtWhkduVm0QAX_BgMFj&edm=AOG-cTkBAAAA&ccb=7-5&oh=00_AfCwcYmnOOZ6oi_mZNtjaDKd_W7I5GugVp_CumNQKqxnOQ&oe=639B5B4B&_nc_sid=282b66,false
9006981924,de___preethu_721_,üîπG√ôBB√Æüîπ,https://instagram.fccu7-1.fna.fbcdn.net/v/t51.2885-19/310684784_190898040077950_6309963423993759256_n.jpg?stp=dst-jpg_s150x150&_nc_ht=instagram.fccu7-1.fna.fbcdn.net&_nc_cat=110&_nc_ohc=7oZv4wx4jgQAX8bfhV9&tn=em1O-m1hlH2y2Qfj&edm=AOG-cTkBAAAA&ccb=7-5&oh=00_AfC4L78Beh3sPbyHBvBMn1SD1GR2UPYuhHA1PDvczxuSRQ&oe=639B453A&_nc_sid=282b66,false
26900775635,__amaira_09,ÿ∂ÿ≠€å,https://instagram.fccu7-1.fna.fbcdn.net/v/t51.2885-19/315169067_170975228872709_7501622065794066756_n.jpg?stp=dst-jpg_s150x150&_nc_ht=instagram.fccu7-1.fna.fbcdn.net&_nc_cat=105&_nc_ohc=I1my3IhgYoQAX9cgb5F&edm=AOG-cTkBAAAA&ccb=7-5&oh=00_AfA5khWgo1Uc_upZ0SHA4Qteb8rW3FZoria2_lHM_vb1WQ&oe=639C614E&_nc_sid=282b66,false
4069662608,kaushik_ghimire,Kaushik Ghimire,https://instagram.fccu7-1.fna.fbcdn.net/v/t51.2885-19/69501446_515552175656526_4518744828812460032_n.jpg?stp=dst-jpg_s150x150&_nc_ht=instagram.fccu7-1.fna.fbcdn.net&_nc_cat=106&_nc_ohc=UZJLLFnYPtIAX90sdi3&edm=AOG-cTkBAAAA&ccb=7-5&oh=00_AfBDmnSszFRC983HjxJzu2dfQkBAyNW0M6rBwfny2kcPIQ&oe=639C8220&_nc_sid=282b66,false
45963220570,shotsbymohith,BeingMK,https://instagram.fccu7-1.fna.fbcdn.net/v/t51.2885-19/316713786_1251381129052111_2085015038765110940_n.jpg?stp=dst-jpg_s150x150&_nc_ht=instagram.fccu7-1.fna.fbcdn.net&_nc_cat=107&_nc_ohc=LP0te6cdpjIAX-co5QG&edm=AOG-cTkBAAAA&ccb=7-5&oh=00_AfDiryeW6pkoghEd8Ge1053GZs5-o7UaJZ2Von6jCB4ZGA&oe=639C36B3&_nc_sid=282b66,false
38811389385,_shreya._.g,Shreya Gupta,https://instagram.fccu7-1.fna.fbcdn.net/v/t51.2885-19/110086341_601472957452343_9016871742298493988_n.jpg?stp=dst-jpg_s150x150&_nc_ht=instagram.fccu7-1.fna.fbcdn.net&_nc_cat=111&_nc_ohc=fmdk3biAR6YAX9uKUBV&edm=AOG-cTkBAAAA&ccb=7-5&oh=00_AfDkDjzPP0fixxRY8aiR1fykX19s5kPwaEjLtIbvbHm8Yw&oe=639B81EB&_nc_sid=282b66,false
56549340725,mumbai_shopping._,Mumbai Shopping,https://instagram.fccu7-1.fna.fbcdn.net/v/t51.2885-19/316162627_153054037439584_4859083476868232941_n.jpg?stp=dst-jpg_s150x150&_nc_ht=instagram.fccu7-1.fna.fbcdn.net&_nc_cat=104&_nc_ohc=_3VHzQeaBSkAX-yyLKA&edm=AOG-cTkBAAAA&ccb=7-5&oh=00_AfAwYvk-6GqchSxyXUQj_ZFyjAeSIcICBi2wYB7JlmIvWQ&oe=639B71C5&_nc_sid=282b66,false
5823840041,freakz_hijabi,ü¶ñü¶ïü¶ñüê¢,https://instagram.fccu7-1.fna.fbcdn.net/v/t51.2885-19/271960915_947764726114823_3611365148767095470_n.jpg?stp=dst-jpg_s150x150&_nc_ht=instagram.fccu7-1.fna.fbcdn.net&_nc_cat=111&_nc_ohc=7kNxr6xFyVAAX9RmHS_&tn=em1O-m1hlH2y2Qfj&edm=AOG-cTkBAAAA&ccb=7-5&oh=00_AfDAnIZhy2UX32pDDiAXYAaKMpVMSS9dil0rLz_Ym9fBDw&oe=639C778B&_nc_sid=282b66,false
44337363947,sumanthchowdaryyy,venkat sumanth,https://instagram.fccu7-1.fna.fbcdn.net/v/t51.2885-19/316732723_1761155860937839_3759074945720503201_n.jpg?stp=dst-jpg_s150x150&_nc_ht=instagram.fccu7-1.fna.fbcdn.net&_nc_cat=107&_nc_ohc=6e_iCAxp9b0AX_aY-_8&edm=AOG-cTkBAAAA&ccb=7-5&oh=00_AfD6gqP_zwtak5h28DNNOSq0JBfyfpMOVre279_88dKm3w&oe=639C622D&_nc_sid=282b66,false
56402967087,itzme_adithiii,Adithi Hardikar,https://instagram.fccu7-1.fna.fbcdn.net/v/t51.2885-19/312771567_801096884555120_214726775583956983_n.jpg?stp=dst-jpg_s150x150&_nc_ht=instagram.fccu7-1.fna.fbcdn.net&_nc_cat=108&_nc_ohc=AQ8pj_Rrlj0AX_SjoLM&tn=em1O-m1hlH2y2Qfj&edm=AOG-cTkBAAAA&ccb=7-5&oh=00_AfDxhUT3Ex6VZKrLJ0ToG-3avJvw-1XmEwH3dW6k3udOGg&oe=639C1D94&_nc_sid=282b66,false
38227522748,angels_discoland,Angels discoland,https://instagram.fccu7-1.fna.fbcdn.net/v/t51.2885-19/296364949_772933173947168_3795277230070440532_n.jpg?stp=dst-jpg_s150x150&_nc_ht=instagram.fccu7-1.fna.fbcdn.net&_nc_cat=108&_nc_ohc=1-GHfAe3muAAX8qjPbQ&edm=AOG-cTkBAAAA&ccb=7-5&oh=00_AfBMIv-7QN_Xe-ib9ipfsQI1nWrkDlg9OR2gDUe9t13n2w&oe=639CABDA&_nc_sid=282b66,false
56321374584,balakrishnan_mansi,Mansi Balakrishnan,https://instagram.fccu7-1.fna.fbcdn.net/v/t51.2885-19/316326052_1444806602714679_5719260816743663817_n.jpg?stp=dst-jpg_s150x150&_nc_ht=instagram.fccu7-1.fna.fbcdn.net&_nc_cat=103&_nc_ohc=4D1AX5dwENwAX879vhZ&edm=AOG-cTkBAAAA&ccb=7-5&oh=00_AfBwwnQYVPQoddja1ubkHNavEteDzx4NutmzTB23WHzq6w&oe=639C0FE6&_nc_sid=282b66,false
51293217971,exploreeesoul,,https://instagram.fccu7-1.fna.fbcdn.net/v/t51.2885-19/272130188_157065066683009_3123671124713156185_n.jpg?stp=dst-jpg_s150x150&_nc_ht=instagram.fccu7-1.fna.fbcdn.net&_nc_cat=105&_nc_ohc=13O8RT9xOGUAX90e9wd&edm=AOG-cTkBAAAA&ccb=7-5&oh=00_AfDjJxp6U2QCvEY_x4S-dRGUKZDXO05nWfcLC5j6PiJpdg&oe=639B58B2&_nc_sid=282b66,false
56654839836,1s_resileint_dmitr1_1_,J0rdan_Dmitri,https://instagram.fccu7-1.fna.fbcdn.net/v/t51.2885-19/315500723_1438472529895049_2210239386717113057_n.jpg?stp=dst-jpg_s150x150&_nc_ht=instagram.fccu7-1.fna.fbcdn.net&_nc_cat=105&_nc_ohc=L_v36hDTFsoAX9zC2M8&tn=em1O-m1hlH2y2Qfj&edm=AOG-cTkBAAAA&ccb=7-5&oh=00_AfBR4ogcmBY3ZrIs1dkVe4EGKVUJPmpfrPKcQ91uvij2fA&oe=639BF29B&_nc_sid=282b66,false
56383306083,its.faazi,Fazii,https://instagram.fccu7-1.fna.fbcdn.net/v/t51.2885-19/315987700_524743299509523_8283647492478733579_n.jpg?stp=dst-jpg_s150x150&_nc_ht=instagram.fccu7-1.fna.fbcdn.net&_nc_cat=103&_nc_ohc=YaSYWMZz5EQAX-YWRCg&edm=AOG-cTkBAAAA&ccb=7-5&oh=00_AfCWfnsr7jsbmoZoWXvQfYWfdMSWImFEgRXWglzYkZvv-A&oe=639B4E5C&_nc_sid=282b66,false
7005640313,kumarjiankit,Ankit Prajapati,https://instagram.fccu7-1.fna.fbcdn.net/v/t51.2885-19/300774296_550240406893704_5209131206769203279_n.jpg?stp=dst-jpg_s150x150&_nc_ht=instagram.fccu7-1.fna.fbcdn.net&_nc_cat=100&_nc_ohc=kZeXC9tYAs0AX8U7Gkj&tn=em1O-m1hlH2y2Qfj&edm=AOG-cTkBAAAA&ccb=7-5&oh=00_AfAFPiJodyf0XFZC11YX0vYEMXHJzB29tIKnfffksqwRmQ&oe=639C40A6&_nc_sid=282b66,false
41821018729,kavya_makku,kavya,https://instagram.fccu7-1.fna.fbcdn.net/v/t51.2885-19/120940125_647742342609689_8081205026695543113_n.jpg?stp=dst-jpg_s150x150&_nc_ht=instagram.fccu7-1.fna.fbcdn.net&_nc_cat=105&_nc_ohc=YHMW0iKUpf4AX9MnGmO&edm=AOG-cTkBAAAA&ccb=7-5&oh=00_AfALwz4s_xjOYuvGuh6qCT-clI0UTKWdiw2Vpk46msgyeQ&oe=639C7633&_nc_sid=282b66,false
56677414405,goga_gram_infotech,GogaGram Infotech,https://instagram.fccu7-1.fna.fbcdn.net/v/t51.2885-19/315922827_444664104407813_6733930809168466955_n.jpg?stp=dst-jpg_s150x150&_nc_ht=instagram.fccu7-1.fna.fbcdn.net&_nc_cat=105&_nc_ohc=SrA2kvYi3XAAX9TM7sq&edm=AOG-cTkBAAAA&ccb=7-5&oh=00_AfARO-5WSRMjlkIwIS-8Qnum1I8WICNosQaPxyNJno_tVw&oe=639BDB6F&_nc_sid=282b66,false
4820513815,aniroy4099,Anjali Roy,https://instagram.fccu7-1.fna.fbcdn.net/v/t51.2885-19/129768390_1359103774481656_4795104554815365003_n.jpg?stp=dst-jpg_s150x150&_nc_ht=instagram.fccu7-1.fna.fbcdn.net&_nc_cat=104&_nc_ohc=FtoBjerVZggAX9_gomX&tn=em1O-m1hlH2y2Qfj&edm=AOG-cTkBAAAA&ccb=7-5&oh=00_AfBe3XyBvbRnLN_7h8MT0yP2Vb-8BcgPsXpT3FbH9m3IoA&oe=639B1B62&_nc_sid=282b66,false
32888794374,dar_arhaan09,"üçÅŸÖÿ≠ŸÖÿØÿπÿßÿ±ŸÅ
ü•Äüåé",https://instagram.fccu7-1.fna.fbcdn.net/v/t51.2885-19/132122221_209111687503835_4971559413476171342_n.jpg?stp=dst-jpg_s150x150&_nc_ht=instagram.fccu7-1.fna.fbcdn.net&_nc_cat=111&_nc_ohc=XsR_-BCdUxUAX-VFDzs&edm=AOG-cTkBAAAA&ccb=7-5&oh=00_AfAQZCChvxIVpRU2sAEe62KgKGotIHuIe_kJNjMI8iKTxQ&oe=639B6EBC&_nc_sid=282b66,false
45773717491,its_the_otherguy,pg gautam,https://instagram.fccu7-1.fna.fbcdn.net/v/t51.2885-19/279927007_324424563074301_4179475429420640770_n.jpg?stp=dst-jpg_s150x150&_nc_ht=instagram.fccu7-1.fna.fbcdn.net&_nc_cat=109&_nc_ohc=Bpf_2k88vucAX-vI7q9&edm=AOG-cTkBAAAA&ccb=7-5&oh=00_AfBQNypfMrvGrPaWE-w62OrYzDgplr0mw8oGswdYhUa39g&oe=639B0AF0&_nc_sid=282b66,false
3732550579,knw_as_mahi,mahi,https://instagram.fccu7-1.fna.fbcdn.net/v/t51.2885-19/124154686_373673910726977_1700897130889531264_n.jpg?stp=dst-jpg_s150x150&_nc_ht=instagram.fccu7-1.fna.fbcdn.net&_nc_cat=105&_nc_ohc=WDKHln-NdyAAX8FBY0S&edm=AOG-cTkBAAAA&ccb=7-5&oh=00_AfDuQcu0f-HSjnLDS7ia-MC_aF8PHLvinWtNGVdSTCDiWA&oe=639C4EE8&_nc_sid=282b66,false
15190982715,krushhh_by_sonal,ùïäùïÜ‚Ñïùî∏ùïÉùî∏‚Ñïùî∏‚Ñïùîª,https://instagram.fccu7-1.fna.fbcdn.net/v/t51.2885-19/200206351_122443083340148_8904003995970644347_n.jpg?stp=dst-jpg_s150x150&_nc_ht=instagram.fccu7-1.fna.fbcdn.net&_nc_cat=108&_nc_ohc=u58-z8CGISsAX9ltnA6&edm=AOG-cTkBAAAA&ccb=7-5&oh=00_AfCdVcM0UYz7BRgw6hVvm26qiPnXIoBidGugzlDtytLNpQ&oe=639C8A03&_nc_sid=282b66,false
45685906118,ashis.jana.5_8,Ashis jana,https://instagram.fccu7-1.fna.fbcdn.net/v/t51.2885-19/307054765_647168473354016_751163566057715210_n.jpg?stp=dst-jpg_s150x150&_nc_ht=instagram.fccu7-1.fna.fbcdn.net&_nc_cat=108&_nc_ohc=a-s0ZnTOQ_sAX97ke5F&edm=AOG-cTkBAAAA&ccb=7-5&oh=00_AfA3yRvA4UBA-pxNz8PXTUQAXf0XvR0K9qZO9SeHjG8e7A&oe=639C2364&_nc_sid=282b66,false
55475610104,bharath_32487,Bharat Boopa,https://instagram.fccu7-1.fna.fbcdn.net/v/t51.2885-19/318599501_1218471182078202_2045892031475437099_n.jpg?stp=dst-jpg_s150x150&_nc_ht=instagram.fccu7-1.fna.fbcdn.net&_nc_cat=106&_nc_ohc=fk7rN0bWIEAAX_RyhlB&edm=AOG-cTkBAAAA&ccb=7-5&oh=00_AfAtbSeM4Kb4SiOvGBQsjx2PB-eZBSCrmrfAZawqexmd9A&oe=639B52AC&_nc_sid=282b66,false
48431372367,kannika_s_babu,.....,https://instagram.fccu7-1.fna.fbcdn.net/v/t51.2885-19/317251215_1148798089176106_1782134932717785381_n.jpg?stp=dst-jpg_s150x150&_nc_ht=instagram.fccu7-1.fna.fbcdn.net&_nc_cat=110&_nc_ohc=YN-78TVOtFAAX_4b2Cx&edm=AOG-cTkBAAAA&ccb=7-5&oh=00_AfCrlAnwv4w602qX3CEDdOb_gGJcfK0mNvW57LVoGFKcjA&oe=639C0B19&_nc_sid=282b66,false
4508864693,tanushavinash02,Tanush Avinash,https://instagram.fccu7-1.fna.fbcdn.net/v/t51.2885-19/300221794_1027914447836195_9204238812923270736_n.jpg?stp=dst-jpg_s150x150&_nc_ht=instagram.fccu7-1.fna.fbcdn.net&_nc_cat=111&_nc_ohc=rYcPeqsfz4IAX-AIZEO&edm=AOG-cTkBAAAA&ccb=7-5&oh=00_AfBF7kkw6fK__yHN76GCI0xaf76AOM_sjrrhra4vtTSW6g&oe=639BBDEC&_nc_sid=282b66,false
3659023392,rahul_sinha0702,Rahul Sinha,https://instagram.fccu7-1.fna.fbcdn.net/v/t51.2885-19/306898632_793026628677866_4318933101392821971_n.jpg?stp=dst-jpg_s150x150&_nc_ht=instagram.fccu7-1.fna.fbcdn.net&_nc_cat=102&_nc_ohc=RqUAhFxKWpEAX9FkS4M&tn=em1O-m1hlH2y2Qfj&edm=AOG-cTkBAAAA&ccb=7-5&oh=00_AfDZsMrjOGvGuIr9iyw4Cf_XuZMCuxVlZg5pU-FHeD11-g&oe=639BB7B5&_nc_sid=282b66,false
12871209747,_rudresh_s_,Rudresh S,https://instagram.fccu7-1.fna.fbcdn.net/v/t51.2885-19/313293756_529760585300248_8582451098491778412_n.jpg?stp=dst-jpg_s150x150&_nc_ht=instagram.fccu7-1.fna.fbcdn.net&_nc_cat=104&_nc_ohc=5U0zUOFdxREAX_JPxqT&edm=AOG-cTkBAAAA&ccb=7-5&oh=00_AfBeXyZmR2Q97JK0OJNd2WLYTNYBQSNGbH3be0kpDxkF6w&oe=639C83EC&_nc_sid=282b66,false
56112428682,alone1235602,,https://instagram.fccu7-1.fna.fbcdn.net/v/t51.2885-19/313220748_671545537822422_2177133830376647710_n.jpg?stp=dst-jpg_s150x150&_nc_ht=instagram.fccu7-1.fna.fbcdn.net&_nc_cat=106&_nc_ohc=2PlutZL2ED8AX_B7xwq&edm=AOG-cTkBAAAA&ccb=7-5&oh=00_AfApDu2k8uWpiccwDjN3Snng9v78W8g4n8AdLeGIg5lqtQ&oe=639CD5D1&_nc_sid=282b66,false
50059458454,darshan.025_,Darshan,https://instagram.fixc4-2.fna.fbcdn.net/v/t51.2885-19/44884218_345707102882519_2446069589734326272_n.jpg?_nc_ht=instagram.fixc4-2.fna.fbcdn.net&_nc_cat=1&_nc_ohc=SdGf-pQgnmIAX-zSLXV&edm=ACaJ6XgBAAAA&ccb=7-5&ig_cache_key=YW5vbnltb3VzX3Byb2ZpbGVfcGlj.2-ccb7-5&oh=00_AfCIOMQIdVsgN8dfviBMKaPemp5dbPZlfPuJGnUIphl7rA&oe=639C7D4F&_nc_sid=0cc1b1,false
32585745205,mansi_balakrishnan,Mansi,https://instagram.fccu7-1.fna.fbcdn.net/v/t51.2885-19/275059113_510376337354523_7155948500766360663_n.jpg?stp=dst-jpg_s150x150&_nc_ht=instagram.fccu7-1.fna.fbcdn.net&_nc_cat=103&_nc_ohc=y2B8SlwsagQAX8wPOsS&tn=em1O-m1hlH2y2Qfj&edm=AOG-cTkBAAAA&ccb=7-5&oh=00_AfCvOTT2OA8thZc5WBXvPhfZ9du28AHVdnKTWC6zCizzaQ&oe=639B19A4&_nc_sid=282b66,false
25101033856,vijayalakshmi.m_,V√¨j√†√ø√†ƒ∫√†k≈õhm√≠ M,https://instagram.fccu7-1.fna.fbcdn.net/v/t51.2885-19/307430159_170098272273904_7734821397967611957_n.jpg?stp=dst-jpg_s150x150&_nc_ht=instagram.fccu7-1.fna.fbcdn.net&_nc_cat=104&_nc_ohc=JN4m5PNqvcAAX9IZA7L&edm=AOG-cTkBAAAA&ccb=7-5&oh=00_AfAU_MXoV5IdIr1R3H7_BZmoTskErZ7yc-WFwhRpkk0iow&oe=639CDCE2&_nc_sid=282b66,false
36585248800,poojasnaidu44,Pooja,https://instagram.fccu7-1.fna.fbcdn.net/v/t51.2885-19/315147716_597265418754201_2978971498755043818_n.jpg?stp=dst-jpg_s150x150&_nc_ht=instagram.fccu7-1.fna.fbcdn.net&_nc_cat=109&_nc_ohc=GTNF8zB5NhgAX_mNEmU&tn=em1O-m1hlH2y2Qfj&edm=AOG-cTkBAAAA&ccb=7-5&oh=00_AfCJOs2uJZuIUcPwHMdg2WPfmCE9Mr3-9suxgKCXAaY7yg&oe=639CAAAB&_nc_sid=282b66,false
44197284847,shashank.g.c_,Shashank Gc,https://instagram.fccu7-1.fna.fbcdn.net/v/t51.2885-19/292126807_449051133396327_4046264117965091915_n.jpg?stp=dst-jpg_s150x150&_nc_ht=instagram.fccu7-1.fna.fbcdn.net&_nc_cat=103&_nc_ohc=Rpdb9Ai4hzwAX_53UPj&edm=AOG-cTkBAAAA&ccb=7-5&oh=00_AfCvs-1hStJ7hl7ki938w6yxXGL3EJgjui6GrtZQNNL1Nw&oe=639CCFCB&_nc_sid=282b66,false
10655354852,swati_bavache7,Swati,https://instagram.fccu7-1.fna.fbcdn.net/v/t51.2885-19/311518366_623012929307962_409122167607412982_n.jpg?stp=dst-jpg_s150x150&_nc_ht=instagram.fccu7-1.fna.fbcdn.net&_nc_cat=110&_nc_ohc=oU6iwD_Ga1YAX-lX3Dz&edm=AOG-cTkBAAAA&ccb=7-5&oh=00_AfDd0GSTYxkl3kyIahcjhYMwRWg7hdhI6MAveAaFP6qL_A&oe=639BDD4D&_nc_sid=282b66,false
3972969745,rishika___3,üê•ùïΩùñéùñòùñçùñéùñêùñÜüê•,https://instagram.fccu7-1.fna.fbcdn.net/v/t51.2885-19/315608368_8672674666077794_2971381103513526443_n.jpg?stp=dst-jpg_s150x150&_nc_ht=instagram.fccu7-1.fna.fbcdn.net&_nc_cat=102&_nc_ohc=NqHO21NP21IAX-lRQJo&tn=em1O-m1hlH2y2Qfj&edm=AOG-cTkBAAAA&ccb=7-5&oh=00_AfD3DY6Ro5IeLWpYGMQCcp2dLoFvAjKkyp79-EaM0nORPA&oe=639B1D0A&_nc_sid=282b66,false
45722169190,harini_pvt_,Harini,https://instagram.fccu7-1.fna.fbcdn.net/v/t51.2885-19/283973647_171403491930898_5977208307544361317_n.jpg?stp=dst-jpg_s150x150&_nc_ht=instagram.fccu7-1.fna.fbcdn.net&_nc_cat=110&_nc_ohc=1ie63KNI7roAX_7cy9F&edm=AOG-cTkBAAAA&ccb=7-5&oh=00_AfDvBE2S6klI37KBSB4tu_lra7jhT9JXn5A5fvvh6qxvCQ&oe=639C0115&_nc_sid=282b66,false
44716496550,spoorthi_gr,ùì¢ùìπùì∏ùì∏ùìªùìΩùì±ùì≤ ùìñùì°ü•Ä,https://instagram.fccu7-1.fna.fbcdn.net/v/t51.2885-19/316752694_680076223493579_8162292416825737263_n.jpg?stp=dst-jpg_s150x150&_nc_ht=instagram.fccu7-1.fna.fbcdn.net&_nc_cat=111&_nc_ohc=awwhdacS_ycAX-nfViI&edm=AOG-cTkBAAAA&ccb=7-5&oh=00_AfDsl9TBcqcfm-IMuB03mWtPZlIxXVLBIa32xVubWstayA&oe=639BE6AC&_nc_sid=282b66,false
7536499192,ll_suprithrance_ll,Suprith Rance,https://instagram.fccu7-1.fna.fbcdn.net/v/t51.2885-19/318471307_1470939293395943_6787841972740642545_n.jpg?stp=dst-jpg_s150x150&_nc_ht=instagram.fccu7-1.fna.fbcdn.net&_nc_cat=111&_nc_ohc=d_Bi84AN7ToAX9l_O2Q&tn=em1O-m1hlH2y2Qfj&edm=AOG-cTkBAAAA&ccb=7-5&oh=00_AfC5PIRmyfiFniAMbuA0VRxXyiteQaBWHc9EBkURD1GyTw&oe=639B3F9E&_nc_sid=282b66,false
4131478598,shzzin.nn,shezinn,https://instagram.fccu7-1.fna.fbcdn.net/v/t51.2885-19/313474971_2366879473471826_1470075766639444800_n.jpg?stp=dst-jpg_s150x150&_nc_ht=instagram.fccu7-1.fna.fbcdn.net&_nc_cat=102&_nc_ohc=l0qX1XhzzxsAX-Eldms&edm=AOG-cTkBAAAA&ccb=7-5&oh=00_AfD7LVDol-N7ZzcP6ViaI3Wlfc1inrb339_1bD0lI6PaJg&oe=639C8098&_nc_sid=282b66,false
32258085901,sanjj_22,ùôéùôñùô£ùôüùôñùô£ùôñüñ§,https://instagram.fccu7-1.fna.fbcdn.net/v/t51.2885-19/318126565_2719551071515727_1304048285459064103_n.jpg?stp=dst-jpg_s150x150&_nc_ht=instagram.fccu7-1.fna.fbcdn.net&_nc_cat=111&_nc_ohc=VcK3ZaV5jzQAX_KPJye&edm=AOG-cTkBAAAA&ccb=7-5&oh=00_AfDvACFtSHYzggG28USXRrzJumuZWoJxbR3LxeKvn-Ck0A&oe=639B90CF&_nc_sid=282b66,false
49624353697,karan_phadthare__,karan,https://instagram.fccu7-1.fna.fbcdn.net/v/t51.2885-19/318878959_711449370402958_7833323005246024718_n.jpg?stp=dst-jpg_s150x150&_nc_ht=instagram.fccu7-1.fna.fbcdn.net&_nc_cat=110&_nc_ohc=jk4_kQJHWg8AX-81lmz&edm=AOG-cTkBAAAA&ccb=7-5&oh=00_AfA2G291ZjjDEmTAfTzq94rroTNG6NskzJrOKLpU93_NdA&oe=639B55BC&_nc_sid=282b66,false
15044669270,arhaan.f,stayhalal,https://instagram.fccu7-1.fna.fbcdn.net/v/t51.2885-19/109707989_3581029508592206_2371569219054242853_n.jpg?stp=dst-jpg_s150x150&_nc_ht=instagram.fccu7-1.fna.fbcdn.net&_nc_cat=102&_nc_ohc=HjT2_grFU_EAX9iDsxv&edm=AOG-cTkBAAAA&ccb=7-5&oh=00_AfCU1aTSbA2CN4Lw_nYlr0SzvkjYRVCMBZBbJ_qj_YjkrA&oe=639B1F59&_nc_sid=282b66,false
50836314006,bhagyabagoor,bhagya bagoor,https://instagram.fccu7-1.fna.fbcdn.net/v/t51.2885-19/316002078_5694926137210615_4032430922887052445_n.jpg?stp=dst-jpg_s150x150&_nc_ht=instagram.fccu7-1.fna.fbcdn.net&_nc_cat=107&_nc_ohc=Ya5GziWSt6kAX9rQndM&edm=AOG-cTkBAAAA&ccb=7-5&oh=00_AfCWmoLL1kN3JVMw5UzNu55T-3-ZeZoQ9SGt9mu9OKIbsQ&oe=639B42C7&_nc_sid=282b66,false
56330337874,alok_singh_0302,Alok Singh,https://instagram.fccu7-1.fna.fbcdn.net/v/t51.2885-19/314501294_122050547178815_7771547417934119455_n.jpg?stp=dst-jpg_s150x150&_nc_ht=instagram.fccu7-1.fna.fbcdn.net&_nc_cat=111&_nc_ohc=cYEX6NIXx14AX9d-fYH&edm=AOG-cTkBAAAA&ccb=7-5&oh=00_AfBviUv_TIqu9qWmIVkcvoyk8g5XlZTPoZaqHMdSi7oviA&oe=639CA1BB&_nc_sid=282b66,false
7661521475,gautham_gvv_06,Gautham V V,https://instagram.fccu7-1.fna.fbcdn.net/v/t51.2885-19/292980737_143423181673068_6516294585998307257_n.jpg?stp=dst-jpg_s150x150&_nc_ht=instagram.fccu7-1.fna.fbcdn.net&_nc_cat=100&_nc_ohc=46Bhkj4ONFQAX_crVIO&tn=em1O-m1hlH2y2Qfj&edm=AOG-cTkBAAAA&ccb=7-5&oh=00_AfCNN8Ukepy7U7XU7CWUvpNxydYmMQtfoerJPkxFq_L7Qw&oe=639BCDD7&_nc_sid=282b66,false
56675576775,gi_rish6589,Girish,https://instagram.fccu7-1.fna.fbcdn.net/v/t51.2885-19/313905644_1091198121592573_8416167248120592150_n.jpg?stp=dst-jpg_s150x150&_nc_ht=instagram.fccu7-1.fna.fbcdn.net&_nc_cat=101&_nc_ohc=x1gy5Grpn0sAX-XbidX&edm=AOG-cTkBAAAA&ccb=7-5&oh=00_AfAVR3FJnb6dW3F7PthazsVBmkcNsmUvp8PAINSnOgP68g&oe=639B8BF1&_nc_sid=282b66,false
56110887503,abhishek._.nataraj,Abhishek Nataraj,https://instagram.fccu7-1.fna.fbcdn.net/v/t51.2885-19/313952020_1186747055531782_9193008290993645607_n.jpg?stp=dst-jpg_s150x150&_nc_ht=instagram.fccu7-1.fna.fbcdn.net&_nc_cat=110&_nc_ohc=LAg1zQ-1bXoAX-DaI3J&edm=AOG-cTkBAAAA&ccb=7-5&oh=00_AfCTeBwcN11UIBa-zoWDak60XtIOIUSS2-o3G7XKRecfgA&oe=639B0808&_nc_sid=282b66,false
5923294333,a_s_t_r_i_x._,Pr√•jj√π g√∏wd√¢..üëª,https://instagram.fccu7-1.fna.fbcdn.net/v/t51.2885-19/313967536_678380013616351_7565525107138296640_n.jpg?stp=dst-jpg_s150x150&_nc_ht=instagram.fccu7-1.fna.fbcdn.net&_nc_cat=107&_nc_ohc=jkbJLLR96bIAX_Vzaiv&tn=em1O-m1hlH2y2Qfj&edm=AOG-cTkBAAAA&ccb=7-5&oh=00_AfBlOJ8IAc_v5uF4FJ-c8UTIQvtwZ9yjiuNDGIPGxPkf_A&oe=639C2129&_nc_sid=282b66,false
3911143372,pooja_venkatesh12,Pooja poo‚ù£Ô∏è,https://instagram.fccu7-1.fna.fbcdn.net/v/t51.2885-19/59471657_2486786474685982_541151065953796096_n.jpg?stp=dst-jpg_s150x150&_nc_ht=instagram.fccu7-1.fna.fbcdn.net&_nc_cat=110&_nc_ohc=WVWZniG8WGUAX-5MaUc&tn=em1O-m1hlH2y2Qfj&edm=AOG-cTkBAAAA&ccb=7-5&oh=00_AfC2gBnt9K98pG0s8KDj8sEPk9ENT5VzXeDNONP9wskQRQ&oe=639BF883&_nc_sid=282b66,false
46150933407,jasmine_jas_71,JASMINE,https://instagram.fccu7-1.fna.fbcdn.net/v/t51.2885-19/315148727_671191624608201_381963274545615370_n.jpg?stp=dst-jpg_s150x150&_nc_ht=instagram.fccu7-1.fna.fbcdn.net&_nc_cat=109&_nc_ohc=nEy1Ro6t9WIAX_BwOxN&tn=em1O-m1hlH2y2Qfj&edm=AOG-cTkBAAAA&ccb=7-5&oh=00_AfBv07OGNsgK-XM-ed0zeQPR0n561T8HgBEGAGVRzJvpIw&oe=639B77A2&_nc_sid=282b66,false
52825837135,jasu26_03,,https://instagram.fixc4-2.fna.fbcdn.net/v/t51.2885-19/44884218_345707102882519_2446069589734326272_n.jpg?_nc_ht=instagram.fixc4-2.fna.fbcdn.net&_nc_cat=1&_nc_ohc=SdGf-pQgnmIAX-zSLXV&edm=ACaJ6XgBAAAA&ccb=7-5&ig_cache_key=YW5vbnltb3VzX3Byb2ZpbGVfcGlj.2-ccb7-5&oh=00_AfCIOMQIdVsgN8dfviBMKaPemp5dbPZlfPuJGnUIphl7rA&oe=639C7D4F&_nc_sid=0cc1b1,false
50495526476,_hot__boy_43,King‚ú®,https://instagram.fixc4-2.fna.fbcdn.net/v/t51.2885-19/44884218_345707102882519_2446069589734326272_n.jpg?_nc_ht=instagram.fixc4-2.fna.fbcdn.net&_nc_cat=1&_nc_ohc=SdGf-pQgnmIAX-zSLXV&edm=ACaJ6XgBAAAA&ccb=7-5&ig_cache_key=YW5vbnltb3VzX3Byb2ZpbGVfcGlj.2-ccb7-5&oh=00_AfCIOMQIdVsgN8dfviBMKaPemp5dbPZlfPuJGnUIphl7rA&oe=639C7D4F&_nc_sid=0cc1b1,false
1449766295,i_m_ankith,Dr Ankith M,https://instagram.fccu7-1.fna.fbcdn.net/v/t51.2885-19/275832169_153367727068574_2598435003333954570_n.jpg?stp=dst-jpg_s150x150&_nc_ht=instagram.fccu7-1.fna.fbcdn.net&_nc_cat=102&_nc_ohc=giI_QehrTnEAX-XIwZI&edm=AOG-cTkBAAAA&ccb=7-5&oh=00_AfCTuqxv79d-H90pvLwJuDFhcaSwX3pfL5_PdG5OulpF-A&oe=639CE37C&_nc_sid=282b66,false
54126404961,janamanas823,Manas maiti,https://instagram.fccu7-1.fna.fbcdn.net/v/t51.2885-19/293857607_727899385151312_2370418501909633240_n.jpg?stp=dst-jpg_s150x150&_nc_ht=instagram.fccu7-1.fna.fbcdn.net&_nc_cat=108&_nc_ohc=m0fJzMgjBw4AX-jzWpD&edm=AOG-cTkBAAAA&ccb=7-5&oh=00_AfDNXMmnPA1C1Q75-AKZimE557hqRlV8GDD0U1bBRopGXw&oe=639C9550&_nc_sid=282b66,false
5065125495,md_rabees,Muhammed Rabees K,https://instagram.fccu7-1.fna.fbcdn.net/v/t51.2885-19/310949669_439963138203295_752101811472793312_n.jpg?stp=dst-jpg_s150x150&_nc_ht=instagram.fccu7-1.fna.fbcdn.net&_nc_cat=107&_nc_ohc=wflGCqXphs4AX81uj7f&edm=AOG-cTkBAAAA&ccb=7-5&oh=00_AfDwAsq2Ww4O1xS_w9slniz5TsUpXFkbgJjHWTkN7Wa6EA&oe=639C1C65&_nc_sid=282b66,false
56035634225,m.s_ramaiah,Ramaiah College,https://instagram.fccu7-1.fna.fbcdn.net/v/t51.2885-19/311994399_1358307464573616_4755515748890094786_n.jpg?stp=dst-jpg_s150x150&_nc_ht=instagram.fccu7-1.fna.fbcdn.net&_nc_cat=100&_nc_ohc=sYPFOvbnN98AX8n45q3&edm=AOG-cTkBAAAA&ccb=7-5&oh=00_AfAH1hME2cfXZgCuuIvz1vBX-C3KCEB-zjkA22bES-JWRg&oe=639BBE06&_nc_sid=282b66,false
40997794792,patel_vishnu_ms,Vishnu Patel,https://instagram.fccu7-1.fna.fbcdn.net/v/t51.2885-19/311124875_652079229927257_6263257396112713692_n.jpg?stp=dst-jpg_s150x150&_nc_ht=instagram.fccu7-1.fna.fbcdn.net&_nc_cat=105&_nc_ohc=dG0jJtCy9qYAX9Orh4Y&tn=em1O-m1hlH2y2Qfj&edm=AOG-cTkBAAAA&ccb=7-5&oh=00_AfD2fpC32Setonkvc5b-82Iow1KaeCDzL4WH_OjhOb0tPA&oe=639C04BC&_nc_sid=282b66,false
8407477274,lover_boy46_,üíéM√≥ha√± Kr√Æsh√±√†üíé,https://instagram.fccu7-1.fna.fbcdn.net/v/t51.2885-19/313525319_2266149380226355_7010977466593059583_n.jpg?stp=dst-jpg_s150x150&_nc_ht=instagram.fccu7-1.fna.fbcdn.net&_nc_cat=107&_nc_ohc=6TExM3DymR8AX9-rDy2&edm=AOG-cTkBAAAA&ccb=7-5&oh=00_AfAunyHU07x_deRkjaCSkYjCHDAdSYqGuLbQZBv_BwRHjw&oe=639C0C63&_nc_sid=282b66,false
55566164212,hood.priest1922,Aayush,https://instagram.fccu7-1.fna.fbcdn.net/v/t51.2885-19/311978680_126306730215450_1449837779988492826_n.jpg?stp=dst-jpg_s150x150&_nc_ht=instagram.fccu7-1.fna.fbcdn.net&_nc_cat=106&_nc_ohc=hifahOOYWdMAX9zQwW6&edm=AOG-cTkBAAAA&ccb=7-5&oh=00_AfDGVaByHvbtyCF-8qsOFyE_rZfzAGxxDFKk4qw-2mLvzA&oe=639BA70A&_nc_sid=282b66,false
5379474836,mr_taaha_pathan,TÃåaÃÇaÃÉhaÃà paÃätÃåhaÃÜnÃÅ,https://instagram.fccu7-1.fna.fbcdn.net/v/t51.2885-19/246488451_923301411632616_6534111461603621769_n.jpg?stp=dst-jpg_s150x150&_nc_ht=instagram.fccu7-1.fna.fbcdn.net&_nc_cat=100&_nc_ohc=6J9Y-rQhV0AAX8lnTdN&edm=AOG-cTkBAAAA&ccb=7-5&oh=00_AfAnQAM7R1xyd5VQtmVyS56R7jFvau5tc81ZBKzIFU7ECA&oe=639CB55E&_nc_sid=282b66,false
35632453708,farisulla_sami,F A R I S,https://instagram.fccu7-1.fna.fbcdn.net/v/t51.2885-19/209256632_349561473221957_7634461097345071172_n.jpg?stp=dst-jpg_s150x150&_nc_ht=instagram.fccu7-1.fna.fbcdn.net&_nc_cat=105&_nc_ohc=V4ufd6_oVycAX-Is616&edm=AOG-cTkBAAAA&ccb=7-5&oh=00_AfCBOFBvqtj2RUfEuK5aWdNArJLi6kZfgH5_Cm0KlU0Xgg&oe=639BF2B2&_nc_sid=282b66,false
5924108229,iammahesh___,,https://instagram.fccu7-1.fna.fbcdn.net/v/t51.2885-19/304814891_410187004352555_176128800854154592_n.jpg?stp=dst-jpg_s150x150&_nc_ht=instagram.fccu7-1.fna.fbcdn.net&_nc_cat=111&_nc_ohc=pV5etRtc_q0AX92ISgb&edm=AOG-cTkBAAAA&ccb=7-5&oh=00_AfCT0rdAowwAj0sEavIk01r8LXNz2iiViO4CItGh4UW0vA&oe=639CD94F&_nc_sid=282b66,false
46697792368,charlie._0168,balaji_chowdary,https://instagram.fccu7-1.fna.fbcdn.net/v/t51.2885-19/281727140_108446368537914_804795768943097668_n.jpg?stp=dst-jpg_s150x150&_nc_ht=instagram.fccu7-1.fna.fbcdn.net&_nc_cat=106&_nc_ohc=qzz3_ddUxY0AX9W1qoJ&edm=AOG-cTkBAAAA&ccb=7-5&oh=00_AfCC88Q82OqbcpNMa636kHO5Y9JXEjU4KNw59q9Crr2_jA&oe=639B9DAC&_nc_sid=282b66,false
55415941204,new_like_life,,https://instagram.fccu7-1.fna.fbcdn.net/v/t51.2885-19/311223828_476713480886632_4418641616835307837_n.jpg?stp=dst-jpg_s150x150&_nc_ht=instagram.fccu7-1.fna.fbcdn.net&_nc_cat=104&_nc_ohc=8pPiPCtV_ccAX-i0cB5&edm=AOG-cTkBAAAA&ccb=7-5&oh=00_AfByzJbPOKF-jQO8SAM8h0P1NKy7UU7paRBhqS7tTKHi_g&oe=639B8382&_nc_sid=282b66,false
54379666428,mdj.ahid786,Md Jahid,https://instagram.fccu7-1.fna.fbcdn.net/v/t51.2885-19/310618864_635462808229816_313592450648474327_n.jpg?stp=dst-jpg_s150x150&_nc_ht=instagram.fccu7-1.fna.fbcdn.net&_nc_cat=104&_nc_ohc=NmCY6905Lb0AX-ZegFp&edm=AOG-cTkBAAAA&ccb=7-5&oh=00_AfBZWZIkuOC7LRj8fLbmNFKmGmF77ZYiUjEFgi0ZREARuA&oe=639CAECD&_nc_sid=282b66,false
